{
  "monitor_enemy": {
    "top_ratio": 0.04891304347826087,
    "left_ratio": 0.680327868852459,
    "width_ratio": 0.14754098360655743,
    "height_ratio": 0.09782608695652176
  },
  "monitor_self": {
    "top_ratio": 0.5444444444444444,
    "left_ratio": 0.2265625,
    "width_ratio": 0.07552083333333333,
    "height_ratio": 0.027777777777777776
  },
  "monitor_index": 3,
  "window_title": "モニター3",
  "display": {
    "font_scale": 0.75,
    "font_thickness": 3
  }
}